{
  "global_log_mae": 0.2687970353638458,
  "global_spearman": 0.9746626560894053
}