{
  "r2": -0.17237576844214386,
  "spearman": 0.641023500383673,
  "mape": 2.7591666293383694,
  "fail_recall": NaN,
  "model_type": "deep_ensemble",
  "n_models": 5,
  "hidden_dims": [
    256,
    128,
    64
  ],
  "n_train": 6224,
  "n_features": 54,
  "split_by_source": true,
  "n_val_id": 1557,
  "n_test_ood": 400,
  "detail": {
    "in_distribution": {
      "r2": 0.8529951848097915,
      "spearman": 0.9251106456248305,
      "mape": 0.7431194490202112,
      "fail_recall": NaN,
      "uncertainty_mean": 0.2632543973054795
    },
    "ood": {
      "r2": -0.17237576844214386,
      "spearman": 0.641023500383673,
      "mape": 2.7591666293383694,
      "fail_recall": NaN,
      "uncertainty_mean": 0.38683493833380617
    }
  }
}