{
  "input_files": [
    "data_pipeline/data/train/sft_trajectories_v10_part1.jsonl",
    "data_pipeline/data/train/sft_trajectories_v10_part2.jsonl"
  ],
  "output_file": "data_pipeline/data/pool/v2/sft_trajectories_v10_cleaned_pool.jsonl",
  "stats": {
    "positive_total": 27884,
    "drop_tool_hallucination": 7166,
    "keep": 7245,
    "drop_restart_invalid": 3016,
    "drop_no_finish_tuning": 3627,
    "drop_high_gain_outlier": 2396,
    "detail_cap200": 2183,
    "detail_pred_over_actual_above_p99": 2385,
    "detail_pred_over_baseline_above_p99": 2391,
    "drop_protocol_error": 221,
    "detail_baseline_below_default": 138,
    "drop_no_think": 1,
    "drop_same_env_lower_gain": 4212
  },
  "improvement_summary": {
    "count": 7245,
    "quantiles": {
      "p10": 0.4,
      "p25": 1.21,
      "p50": 3.43,
      "p75": 9.03,
      "p90": 17.33,
      "p95": 23.127999999999957,
      "p99": 33.02799999999998
    },
    "bins": {
      "0_1": 1566,
      "1_3": 1725,
      "3_5": 1119,
      "5_10": 1180,
      "10_20": 1120,
      "20_30": 415,
      "30_50": 120
    },
    "coarse_bins": {
      "0_3": 3291,
      "3_10": 2299,
      "10_30": 1535,
      "30_50": 120
    }
  },
  "workload_p99_fallback": {
    "read_only": {
      "pred_over_actual_p99": 1.3312165548116084,
      "pred_over_baseline_p99": 1.3310346129429083,
      "reference_count": 2079
    },
    "write_heavy": {
      "pred_over_actual_p99": 1.5453067547988844,
      "pred_over_baseline_p99": 1.349900020665805,
      "reference_count": 1860
    },
    "mixed": {
      "pred_over_actual_p99": 1.4423419834599625,
      "pred_over_baseline_p99": 1.3191313922652093,
      "reference_count": 1274
    },
    "high_concurrency": {
      "pred_over_actual_p99": 1.4391970110378298,
      "pred_over_baseline_p99": 1.451127218231633,
      "reference_count": 670
    }
  },
  "bucket_p99_bounds_count": 22
}