{
  "r2": 0.6323198277084584,
  "spearman": 0.704391553483948,
  "mape": 1.102546568283221,
  "fail_recall": NaN,
  "model_type": "deep_ensemble",
  "n_models": 5,
  "hidden_dims": [
    256,
    128,
    64
  ],
  "n_train": 6682,
  "n_features": 54,
  "split_by_source": true,
  "n_val_id": 1671,
  "n_test_ood": 2403,
  "detail": {
    "in_distribution": {
      "r2": 0.8486174951788155,
      "spearman": 0.9242590965751157,
      "mape": 0.6699365149250376,
      "fail_recall": NaN,
      "uncertainty_mean": 0.2505226873507449
    },
    "ood": {
      "r2": 0.6323198277084584,
      "spearman": 0.704391553483948,
      "mape": 1.102546568283221,
      "fail_recall": NaN,
      "uncertainty_mean": 0.20218780907702855
    }
  }
}