{
  "model": "LightGBM",
  "n_train": 9360,
  "n_val": 2341,
  "n_features": 118,
  "global_log_mae": 0.26048382534680714,
  "global_spearman": 0.9797024568658674,
  "global_wape_excl_zero": 0.3029960709405371,
  "buckets": {
    "TPS = 0  (崩溃)": {
      "n": 108.0,
      "log_mae": 0.9785394002457373,
      "spearman": null,
      "wape": null,
      "true_med": 0.0,
      "pred_med": 0.12425616041568402
    },
    "TPS 50-100": {
      "n": 142.0,
      "log_mae": 0.07795606807190893,
      "spearman": 0.6271807305670057,
      "wape": 0.07858096686509404,
      "true_med": 84.02075300000001,
      "pred_med": 83.07266662086087
    },
    "TPS 100-300": {
      "n": 368.0,
      "log_mae": 0.09320119264275936,
      "spearman": 0.9214194075953318,
      "wape": 0.09174506992554618,
      "true_med": 161.636748,
      "pred_med": 160.95929699494184
    },
    "TPS 300-1K": {
      "n": 852.0,
      "log_mae": 0.13710353499493672,
      "spearman": 0.8167402104882946,
      "wape": 0.1768531875824515,
      "true_med": 528.671331,
      "pred_med": 547.9728875452954
    },
    "TPS 1K-10K": {
      "n": 584.0,
      "log_mae": 0.36496819036331923,
      "spearman": 0.6939468647145048,
      "wape": 0.37044761063785453,
      "true_med": 4691.625944500001,
      "pred_med": 5420.2477278996685
    },
    "TPS 10K+": {
      "n": 287.0,
      "log_mae": 0.4487419664241285,
      "spearman": 0.6990555176530786,
      "wape": 0.2925868164949276,
      "true_med": 45750.24424199997,
      "pred_med": 20830.693832084107
    }
  }
}